[
    {
        "fields": {
            "fly_mod": 8,
            "mod": 8,
            "name": "Fine",
            "special_mod": -8,
            "stealth_mod": 16
        },
        "model": "charman.size",
        "pk": 1
    },
    {
        "fields": {
            "fly_mod": 6,
            "mod": 4,
            "name": "Diminuitive",
            "special_mod": -4,
            "stealth_mod": 12
        },
        "model": "charman.size",
        "pk": 2
    },
    {
        "fields": {
            "fly_mod": 4,
            "mod": 2,
            "name": "Tiny",
            "special_mod": -2,
            "stealth_mod": 8
        },
        "model": "charman.size",
        "pk": 3
    },
    {
        "fields": {
            "fly_mod": 2,
            "mod": 1,
            "name": "Small",
            "special_mod": -1,
            "stealth_mod": 4
        },
        "model": "charman.size",
        "pk": 4
    },
    {
        "fields": {
            "fly_mod": 0,
            "mod": 0,
            "name": "Medium",
            "special_mod": 0,
            "stealth_mod": 0
        },
        "model": "charman.size",
        "pk": 5
    },
    {
        "fields": {
            "fly_mod": -2,
            "mod": -1,
            "name": "Large",
            "special_mod": 1,
            "stealth_mod": -4
        },
        "model": "charman.size",
        "pk": 6
    },
    {
        "fields": {
            "fly_mod": -4,
            "mod": -2,
            "name": "Huge",
            "special_mod": 2,
            "stealth_mod": -8
        },
        "model": "charman.size",
        "pk": 7
    },
    {
        "fields": {
            "fly_mod": -6,
            "mod": -4,
            "name": "Gargantuan",
            "special_mod": 4,
            "stealth_mod": -12
        },
        "model": "charman.size",
        "pk": 8
    },
    {
        "fields": {
            "fly_mod": -8,
            "mod": -8,
            "name": "Colosal",
            "special_mod": 8,
            "stealth_mod": -16
        },
        "model": "charman.size",
        "pk": 9
    },
    {
        "fields": {
            "ability_score_adj": "+2 to Any",
            "base_speed": 30,
            "languages": "",
            "name": "Human",
            "size": 5,
            "traits": "Skilled, Bonus Feat"
        },
        "model": "charman.race",
        "pk": 1
    },
    {
        "fields": {
            "ability": "dex",
            "name": "Acrobatics",
            "trained_only": false
        },
        "model": "charman.skill",
        "pk": 1
    },
    {
        "fields": {
            "ability": "int",
            "name": "Appraise",
            "trained_only": false
        },
        "model": "charman.skill",
        "pk": 2
    },
    {
        "fields": {
            "ability": "cha",
            "name": "Bluff",
            "trained_only": false
        },
        "model": "charman.skill",
        "pk": 3
    },
    {
        "fields": {
            "ability": "str",
            "name": "Climb",
            "trained_only": false
        },
        "model": "charman.skill",
        "pk": 4
    },
    {
        "fields": {
            "ability": "int",
            "name": "Craft",
            "trained_only": false
        },
        "model": "charman.skill",
        "pk": 5
    },
    {
        "fields": {
            "ability": "cha",
            "name": "Diplomacy",
            "trained_only": false
        },
        "model": "charman.skill",
        "pk": 6
    },
    {
        "fields": {
            "ability": "dex",
            "name": "Disable Device",
            "trained_only": true
        },
        "model": "charman.skill",
        "pk": 7
    },
    {
        "fields": {
            "ability": "cha",
            "name": "Disguise",
            "trained_only": false
        },
        "model": "charman.skill",
        "pk": 8
    },
    {
        "fields": {
            "ability": "dex",
            "name": "Escape Artist",
            "trained_only": false
        },
        "model": "charman.skill",
        "pk": 9
    },
    {
        "fields": {
            "ability": "dex",
            "name": "Fly",
            "trained_only": false
        },
        "model": "charman.skill",
        "pk": 10
    },
    {
        "fields": {
            "ability": "cha",
            "name": "Handle Animal",
            "trained_only": true
        },
        "model": "charman.skill",
        "pk": 11
    },
    {
        "fields": {
            "ability": "wis",
            "name": "Heal",
            "trained_only": false
        },
        "model": "charman.skill",
        "pk": 12
    },
    {
        "fields": {
            "ability": "cha",
            "name": "Intimidate",
            "trained_only": false
        },
        "model": "charman.skill",
        "pk": 13
    },
    {
        "fields": {
            "ability": "int",
            "name": "Knowledge (Arcana)",
            "trained_only": true
        },
        "model": "charman.skill",
        "pk": 14
    },
    {
        "fields": {
            "ability": "int",
            "name": "Knowledge (Dungeoneering)",
            "trained_only": true
        },
        "model": "charman.skill",
        "pk": 15
    },
    {
        "fields": {
            "ability": "int",
            "name": "Knowledge (Engineering)",
            "trained_only": true
        },
        "model": "charman.skill",
        "pk": 16
    },
    {
        "fields": {
            "ability": "int",
            "name": "Knowledge (Geography)",
            "trained_only": true
        },
        "model": "charman.skill",
        "pk": 17
    },
    {
        "fields": {
            "ability": "int",
            "name": "Knowledge (History)",
            "trained_only": true
        },
        "model": "charman.skill",
        "pk": 18
    },
    {
        "fields": {
            "ability": "int",
            "name": "Knowledge (Local)",
            "trained_only": true
        },
        "model": "charman.skill",
        "pk": 19
    },
    {
        "fields": {
            "ability": "int",
            "name": "Knowledge (Nature)",
            "trained_only": true
        },
        "model": "charman.skill",
        "pk": 20
    },
    {
        "fields": {
            "ability": "int",
            "name": "Knowledge (Nobility)",
            "trained_only": true
        },
        "model": "charman.skill",
        "pk": 21
    },
    {
        "fields": {
            "ability": "int",
            "name": "Knowledge (Planes)",
            "trained_only": true
        },
        "model": "charman.skill",
        "pk": 22
    },
    {
        "fields": {
            "ability": "int",
            "name": "Knowledge (Religion)",
            "trained_only": true
        },
        "model": "charman.skill",
        "pk": 23
    },
    {
        "fields": {
            "ability": "int",
            "name": "Linguistics",
            "trained_only": true
        },
        "model": "charman.skill",
        "pk": 24
    },
    {
        "fields": {
            "ability": "wis",
            "name": "Perception",
            "trained_only": false
        },
        "model": "charman.skill",
        "pk": 25
    },
    {
        "fields": {
            "ability": "cha",
            "name": "Perform",
            "trained_only": false
        },
        "model": "charman.skill",
        "pk": 26
    },
    {
        "fields": {
            "ability": "wis",
            "name": "Profession",
            "trained_only": true
        },
        "model": "charman.skill",
        "pk": 27
    },
    {
        "fields": {
            "ability": "dex",
            "name": "Ride",
            "trained_only": false
        },
        "model": "charman.skill",
        "pk": 28
    },
    {
        "fields": {
            "ability": "wis",
            "name": "Sense Motive",
            "trained_only": false
        },
        "model": "charman.skill",
        "pk": 29
    },
    {
        "fields": {
            "ability": "dex",
            "name": "Sleight of Hand",
            "trained_only": true
        },
        "model": "charman.skill",
        "pk": 30
    },
    {
        "fields": {
            "ability": "int",
            "name": "Spellcraft",
            "trained_only": true
        },
        "model": "charman.skill",
        "pk": 31
    },
    {
        "fields": {
            "ability": "dex",
            "name": "Stealth",
            "trained_only": false
        },
        "model": "charman.skill",
        "pk": 32
    },
    {
        "fields": {
            "ability": "wis",
            "name": "Survival",
            "trained_only": false
        },
        "model": "charman.skill",
        "pk": 33
    },
    {
        "fields": {
            "ability": "str",
            "name": "Swim",
            "trained_only": false
        },
        "model": "charman.skill",
        "pk": 34
    },
    {
        "fields": {
            "ability": "cha",
            "name": "Use Magic Device",
            "trained_only": true
        },
        "model": "charman.skill",
        "pk": 35
    },
    {
        "fields": {
            "alignment": "Any non-lawful",
            "bab_progression": "fast",
            "class_skills": [
                1,
                4,
                5,
                11,
                13,
                20,
                25,
                28,
                33,
                34
            ],
            "fort_progression": "good",
            "hit_die": 12,
            "name": "Barbarian",
            "ref_progression": "bad",
            "skill_ranks": 4,
            "spell_progression": null,
            "spell_type": null,
            "starting_wealth": "3d6 x 10 gp + Clothes",
            "will_progression": "bad"
        },
        "model": "charman.characterclass",
        "pk": 1
    },
    {
        "fields": {
            "alignment": "Any",
            "bab_progression": "medium",
            "class_skills": [
                1,
                2,
                3,
                4,
                5,
                6,
                8,
                9,
                13,
                14,
                15,
                16,
                17,
                18,
                19,
                20,
                21,
                22,
                23,
                24,
                25,
                26,
                27,
                29,
                30,
                31,
                32,
                35
            ],
            "fort_progression": "bad",
            "hit_die": 8,
            "name": "Bard",
            "ref_progression": "good",
            "skill_ranks": 6,
            "spell_progression": "moderate",
            "spell_type": "arcane",
            "starting_wealth": "3d6 x 10 gp + Clothes",
            "will_progression": "good"
        },
        "model": "charman.characterclass",
        "pk": 2
    },
    {
        "fields": {
            "alignment": "Within one step of Diety's",
            "bab_progression": "medium",
            "class_skills": [
                1,
                5,
                6,
                12,
                14,
                18,
                21,
                22,
                23,
                24,
                27,
                29,
                31
            ],
            "fort_progression": "good",
            "hit_die": 8,
            "name": "Cleric",
            "ref_progression": "bad",
            "skill_ranks": 2,
            "spell_progression": "full",
            "spell_type": "divine",
            "starting_wealth": "4d6 x 10 gp + Clothes",
            "will_progression": "good"
        },
        "model": "charman.characterclass",
        "pk": 3
    },
    {
        "fields": {
            "alignment": "Any neutral",
            "bab_progression": "medium",
            "class_skills": [
                4,
                5,
                10,
                11,
                12,
                17,
                20,
                25,
                28,
                31,
                33,
                34
            ],
            "fort_progression": "good",
            "hit_die": 8,
            "name": "Druid",
            "ref_progression": "bad",
            "skill_ranks": 4,
            "spell_progression": "full",
            "spell_type": "divine",
            "starting_wealth": "2d6 x 10 gp + Clothes",
            "will_progression": "good"
        },
        "model": "charman.characterclass",
        "pk": 4
    },
    {
        "fields": {
            "alignment": "Any",
            "bab_progression": "fast",
            "class_skills": [
                4,
                5,
                11,
                13,
                15,
                16,
                27,
                28,
                33,
                34
            ],
            "fort_progression": "good",
            "hit_die": 10,
            "name": "Fighter",
            "ref_progression": "bad",
            "skill_ranks": 2,
            "spell_progression": null,
            "spell_type": null,
            "starting_wealth": "5d6 x 10 gp + Clothes",
            "will_progression": "bad"
        },
        "model": "charman.characterclass",
        "pk": 5
    },
    {
        "fields": {
            "alignment": "Any lawful",
            "bab_progression": "medium",
            "class_skills": [
                1,
                4,
                5,
                9,
                13,
                18,
                23,
                25,
                26,
                27,
                28,
                29,
                32,
                34
            ],
            "fort_progression": "good",
            "hit_die": 8,
            "name": "Monk",
            "ref_progression": "good",
            "skill_ranks": 4,
            "spell_progression": null,
            "spell_type": null,
            "starting_wealth": "1d6 x 10 gp + Clothes",
            "will_progression": "good"
        },
        "model": "charman.characterclass",
        "pk": 6
    },
    {
        "fields": {
            "alignment": "Lawful good",
            "bab_progression": "fast",
            "class_skills": [
                5,
                6,
                11,
                12,
                21,
                23,
                27,
                28,
                29,
                31
            ],
            "fort_progression": "good",
            "hit_die": 10,
            "name": "Paladin",
            "ref_progression": "bad",
            "skill_ranks": 2,
            "spell_progression": "minor",
            "spell_type": "divine",
            "starting_wealth": "5d6 x 10 gp + Clothes",
            "will_progression": "good"
        },
        "model": "charman.characterclass",
        "pk": 7
    },
    {
        "fields": {
            "alignment": "Any",
            "bab_progression": "fast",
            "class_skills": [
                4,
                5,
                11,
                12,
                13,
                15,
                17,
                20,
                25,
                28,
                31,
                32,
                33,
                34
            ],
            "fort_progression": "good",
            "hit_die": 10,
            "name": "Ranger",
            "ref_progression": "good",
            "skill_ranks": 6,
            "spell_progression": "minor",
            "spell_type": "divine",
            "starting_wealth": "5d6 x 10 gp + Clothes",
            "will_progression": "bad"
        },
        "model": "charman.characterclass",
        "pk": 8
    },
    {
        "fields": {
            "alignment": "Any",
            "bab_progression": "slow",
            "class_skills": [
                2,
                3,
                5,
                10,
                13,
                14,
                27,
                31,
                35
            ],
            "fort_progression": "bad",
            "hit_die": 6,
            "name": "Sorcerer",
            "ref_progression": "bad",
            "skill_ranks": 2,
            "spell_progression": "abundant",
            "spell_type": "arcane",
            "starting_wealth": "2d6 x 10 gp + Clothes",
            "will_progression": "good"
        },
        "model": "charman.characterclass",
        "pk": 9
    },
    {
        "fields": {
            "alignment": "Any",
            "bab_progression": "slow",
            "class_skills": [
                2,
                5,
                10,
                14,
                15,
                16,
                17,
                18,
                19,
                20,
                21,
                22,
                23,
                24,
                27,
                31
            ],
            "fort_progression": "bad",
            "hit_die": 6,
            "name": "Wizard",
            "ref_progression": "bad",
            "skill_ranks": 2,
            "spell_progression": "full",
            "spell_type": "arcane",
            "starting_wealth": "2d6 x 10 gp + Clothes",
            "will_progression": "good"
        },
        "model": "charman.characterclass",
        "pk": 10
    },
    {
        "fields": {
            "alignment": "Any",
            "bab_progression": "medium",
            "class_skills": [
                1,
                2,
                3,
                4,
                5,
                6,
                7,
                8,
                9,
                13,
                15,
                19,
                24,
                25,
                26,
                27,
                29,
                30,
                32,
                34,
                35
            ],
            "fort_progression": "bad",
            "hit_die": 8,
            "name": "Rogue",
            "ref_progression": "good",
            "skill_ranks": 8,
            "spell_progression": null,
            "spell_type": null,
            "starting_wealth": "4d6 x 10 gp + Clothes",
            "will_progression": "bad"
        },
        "model": "charman.characterclass",
        "pk": 11
    }
]
